Country,Year,gdp_per_capita_usd,gdp_growth_pct,unemployment_rate_pct,interest_rate_pct,pension_assets_pct_gdp
Australia,2010,52313.8939,2.210047953,5.211,5.366041667,91.491
Australia,2011,62799.3895,2.394734943,5.081,4.879583333,94.38
Australia,2012,68301.44025,3.952471381,5.224,3.379166667,93.241
Australia,2013,68476.67885,2.654453026,5.662,3.696666667,104.074
Australia,2014,62817.20618,2.601189782,6.077,3.655416667,111.63
Australia,2015,56970.3613,2.164347806,6.054,2.710208333,121.666
Australia,2016,50084.44406,2.755640655,5.714,2.333541667,124.504
Australia,2017,54117.54772,2.293310302,5.604,2.639166667,136.012
Australia,2018,57410.17373,2.874170395,5.345,2.684166667,136.524
Australia,2019,55194.75851,2.194017036,5.143,1.484166667,135.579
Australia,2020,51983.45237,-0.133531904,6.394,0.30833333333333335,132.15
Australia,2021,60758.90444,2.006948443,5.022,0.1,147.765
Australia,2022,65169.51911,4.253045592,3.728,1.3083333333333333,131.25
Australia,2023,65058.37731,3.583821008,3.668,3.8916666666666666,129.621
Australia,2024,64603.98563,1.373407734,3.942,4.35,135.103
Australia,2025,NA,NA,NA,3.85,NA
Austria,2010,46611.13934,1.80898243,4.883,3.225833333,5.323
Austria,2011,51116.89535,2.927468002,4.637,3.319166667,4.952
Austria,2012,48250.40591,0.628246239,4.909,2.3725,5.328
Austria,2013,50305.35458,-0.250726423,5.367,2.01,5.868
Austria,2014,51314.97226,0.75579885,5.674,1.4875,NA
Austria,2015,43915.22802,1.303523318,5.802,0.745833333,NA
Austria,2016,45061.49939,2.117219645,6.064,0.376666667,NA
Austria,2017,47163.74258,2.27224992,5.561,0.576666667,NA
Austria,2018,51194.07498,2.484221141,4.933,0,NA
Austria,2019,49885.99474,1.754976196,4.56,0,NA
Austria,2020,48716.40989,-6.318255092,5.201,0,NA
Austria,2021,53648.6438,4.923091717,6.459,0,NA
Austria,2022,52336.77252,5.330963794,4.992,0.6666666666666666,NA
Austria,2023,56579.50418,-0.786244289,5.264,3.875,6.878
Austria,2024,58268.87877,-0.659089573,5.161,4.020833333333333,7.192
Austria,2025,NA,NA,NA,2.2291666666666665,NA
Belgium,2010,44197.39367,2.710311503,8.293,3.4625,NA
Belgium,2011,47760.82988,1.931155024,7.14,4.233333333,NA
Belgium,2012,44874.17092,0.215803612,7.542,3,NA
Belgium,2013,46964.59468,0.305494549,8.425,2.41,NA
Belgium,2014,47995.7787,1.765540381,8.523,1.713333333,NA
Belgium,2015,40893.80454,1.474164337,8.482,0.84,NA
Belgium,2016,41854.54983,1.19350273,7.83,0.475833333,NA
Belgium,2017,44035.32394,1.474467616,7.09,0.73125,35.867
Belgium,2018,47487.21004,1.877968474,5.941,0,34.285
Belgium,2019,46716.62275,2.442890045,5.364,0,34.742
Belgium,2020,45906.28758,-4.792983908,5.545,0,39.31
Belgium,2021,51658.23829,6.254456865,6.248,0,NA
Belgium,2022,50605.74967,3.956237976,5.57,0.6666666666666666,NA
Belgium,2023,55291.47545,1.714121955,5.547,3.875,30.396
Belgium,2024,56614.56795,1.07045413,5.701,4.020833333333333,30.268
Belgium,2025,NA,NA,NA,2.2291666666666665,NA
Bulgaria,2010,6853.948055,1.555359799,10.279,6.004466667,5.337
Bulgaria,2011,7849.580613,2.090175078,11.26,5.356841667,5.668
Bulgaria,2012,7431.957895,0.748815412,12.27,4.497416667,6.908
Bulgaria,2013,7795.980921,-0.542751389,12.941,3.47295,8.293
Bulgaria,2014,8069.600057,0.949449091,11.424,3.3475,9.727
Bulgaria,2015,7268.654455,3.397553368,9.143,2.490608333,10.488
Bulgaria,2016,7822.499233,3.026628412,7.575,2.270575,11.352
Bulgaria,2017,8696.689304,2.745926761,6.164,1.602733333,12.409
Bulgaria,2018,9849.383972,2.330152134,5.211,0.892175,12.263
Bulgaria,2019,10353.72046,3.793317654,4.148,0.429,13.122
Bulgaria,2020,10760.21198,-3.133233031,5.037,0.252816667,14.375
Bulgaria,2021,12966.14575,7.828172328,5.166,0.189075,14.053
Bulgaria,2022,13999.19495,4.083864092,4.148,1.531916667,11.458
Bulgaria,2023,15853.20864,1.68151075,4.319,3.755391667,12.502
Bulgaria,2024,17596.01737,3.387090638,4.165,3.930583333,13.14
Bulgaria,2025,NA,NA,NA,3.9294,NA
Canada,2010,47560.6666,3.090806345,8.178,3.6575,130.421
Canada,2011,52223.85884,3.137194422,7.637,3.214166667,126.822
Canada,2012,52670.34473,1.755661291,7.392,2.331666667,133.878
Canada,2013,52638.11872,2.325813548,7.143,2.718333333,142.327
Canada,2014,50960.84312,2.873466778,7.023,2.598333333,148.948
Canada,2015,43594.1941,0.649971002,6.945,2.023333333,157.219
Canada,2016,42314.06158,1.038550925,7.038,1.804166667,162.312
Canada,2017,45129.62812,3.033834912,6.426,2.133333333,165.855
Canada,2018,46539.17616,2.742963449,5.837,1.4375,158.039
Canada,2019,46352.86934,1.908431946,5.69,1.75,169.513
Canada,2020,43537.8393,-5.038233435,9.657,0.5,185.873
Canada,2021,52886.66164,5.950528028,7.527,0.25,173.218
Canada,2022,56256.80073,4.189036281,5.279,2.0416666666666665,144.048
Canada,2023,54220.3285,1.528745508,5.415,4.770833333333333,147.464
Canada,2024,54340.34772,1.55479521,6.351,4.479166666666667,157.888
Canada,2025,NA,NA,NA,2.6458333333333335,NA
Chile,2010,12632.87047,5.851651022,8.547,1.5416666666666667,62.759
Chile,2011,14487.39278,6.223896785,7.492,4.75,57.919
Chile,2012,15241.907,6.155340019,6.79,5,59.661
Chile,2013,15683.54864,3.308508247,6.361,4.895833333333333,62.171
Chile,2014,14529.67672,1.792649471,6.761,3.6875,67.914
Chile,2015,13433.9203,2.1519425,6.605,3.0833333333333335,68.99
Chile,2016,13649.85205,1.753038749,6.926,3.5,68.989
Chile,2017,14879.90862,1.357695373,7.3,2.6875,72.226
Chile,2018,15659.48087,3.990029478,7.673,2.5625,70.919
Chile,2019,14495.71672,0.634367534,7.559,2.4791666666666665,82.018
Chile,2020,13114.81547,-6.143474792,11.18,0.75,75.513
Chile,2021,16206.83255,11.31492049,9.417,1.2916666666666667,60.624
Chile,2022,15405.61658,2.153993562,8.331,8.854166666666666,57.608
Chile,2023,17067.03648,0.521367977,9.091,10.3125,59.189
Chile,2024,16709.8894,2.644311549,8.756,6.125,59.345
Chile,2025,NA,NA,NA,4.854166666666667,NA
Colombia,2010,6398.295845,4.494658971,11.153,3.1666666666666665,16.158
Colombia,2011,7400.99407,6.947891982,10.288,4.0625,16.949
Colombia,2012,8108.598382,3.912635767,9.959,4.9375,18.133
Colombia,2013,8279.102556,5.13399352,9.246,3.3541666666666665,18.014
Colombia,2014,8187.208249,4.499030001,8.799,3.9166666666666665,19.989
Colombia,2015,6248.514905,2.955901375,8.572,4.729166666666667,20.34
Colombia,2016,5959.842504,2.087382502,8.922,7.145833333333333,22.434
Colombia,2017,6479.532313,1.359360868,9.086,6,25.066
Colombia,2018,6816.968183,2.564324283,9.36,4.3125,23.947
Colombia,2019,6472.545449,3.186855392,10.28,4.25,26.752
Colombia,2020,5339.687114,-7.185914138,15.722,2.8125,32.105
Colombia,2021,6222.621644,10.80119819,13.898,1.9375,29.992
Colombia,2022,6680.445069,7.328277294,10.541,7.458333333333333,23.473
Colombia,2023,7000.836605,0.712380032,9.591,13.104166666666666,25.23
Colombia,2024,7919.208868,1.598331537,9.619,11.333333333333334,27.086
Colombia,2025,NA,NA,NA,9.333333333333334,NA
Costa Rica,2010,8265.788203,5.360343526,7.171,NA,7.34
Costa Rica,2011,9276.391075,4.40315924,9.518,NA,8.302
Costa Rica,2012,10126.999100000001,4.88259241,9.11,NA,9.317
Costa Rica,2013,10803.2402,2.494766112,8.218,NA,10.738
Costa Rica,2014,10911.49788,3.542109878,8.499,NA,11.262
Costa Rica,2015,11714.7106,3.652080968,8.415,NA,16.09
Costa Rica,2016,12091.03016,4.204323252,8.085,NA,17.216
Costa Rica,2017,12317.09028,4.157698963,7.729,NA,24.694
Costa Rica,2018,12590.24938,2.615904404,9.01,NA,27.775
Costa Rica,2019,12884.686,2.417511818,10.807,NA,30.493
Costa Rica,2020,12394.0494,-4.273354322,16.432,NA,36.431
Costa Rica,2021,12838.11854,7.935762247,15.139,NA,39.66
Costa Rica,2022,13625.90085,4.55149178,11.325,NA,35.615
Costa Rica,2023,16942.02681,5.111921832,8.325,NA,38.901
Costa Rica,2024,18587.15322,4.321224296,6.936,NA,42.171
Croatia,2010,13729.7655,-1.336046724,11.62,0.8258333333333333,11.506
Croatia,2011,14691.5583,-0.110906722,13.678,0.6991666666666667,12.647
Croatia,2012,13507.78053,-2.237433601,16.046,0.7641666666666667,15.826
Croatia,2013,14134.9475,-0.133645737,17.231,0.3275,17.67
Croatia,2014,14186.72955,-0.557692914,17.209,0.3541666666666667,20.479
Croatia,2015,12283.78406,2.319986927,16.15,0.4608333333333334,22.559
Croatia,2016,12820.16539,3.466461143,13.015,0.29666666666666663,24.786
Croatia,2017,13901.78781,3.283963216,11.078,0.165,26.039
Croatia,2018,15460.36696,2.911075934,8.322,0.1125,26.945
Croatia,2019,15563.59873,3.101526839,6.551,-0.05000000000000002,29.33
Croatia,2020,14807.56085,-8.310864015,7.389,0.1,33.445
Croatia,2021,17788.78658,12.63221904,7.483,0,32.635
Croatia,2022,18465.54144,7.294453436,6.811,0.016666666666666666,28.081
Croatia,2023,22184.22793,3.761645407,6.121,3.875,28.132
Croatia,2024,24050.43979,3.826887029,5.033,4.020833333333333,29.566
Croatia,2025,NA,NA,NA,2.2291666666666665,NA
Cyprus,2010,31105.02734,2.282671001,6.359,4.6,NA
Cyprus,2011,32485.79883,0.416711868,7.942,5.7875,NA
Cyprus,2012,28991.93555,-3.447381514,12.097,7,NA
Cyprus,2013,27764.73047,-6.587477511,16.131,6.5,NA
Cyprus,2014,26993.10352,-1.776058677,16.277,6,NA
Cyprus,2015,23088.44141,3.418920389,15.026,4.536666667,NA
Cyprus,2016,24280.05664,6.573590809,13.006,3.7725,NA
Cyprus,2017,26247.44922,5.750832366,11.155,2.623333333,NA
Cyprus,2018,29120.375,6.271663601,8.504,2.1825,NA
Cyprus,2019,29227.17383,5.875595834,7.155,1.070833333,NA
Cyprus,2020,28130.3418,-3.220630186,7.755,0.876666667,NA
Cyprus,2021,32937.83984,11.39755908,7.513,0.3675,NA
Cyprus,2022,33231.04297,8.273725973,6.806,2.9575,NA
Cyprus,2023,36623.69141,3.619456446,5.835,3.945833333,NA
Cyprus,2024,38674.29297,3.940773817,4.867,3.131666667,NA
Cyprus,2025,NA,NA,NA,2.931666667,NA
Czechia,2010,20160.43551,2.714665099,7.281,0.8333333333333334,5.763
Czechia,2011,22049.10808,1.772380853,6.712,0.75,6.044
Czechia,2012,20014.0354,-0.770668191,6.979,0.5083333333333333,6.634
Czechia,2013,20260.4955,-0.041812416,6.953,0.05,7.134
Czechia,2014,20038.41632,2.245212199,6.108,0.05,7.747
Czechia,2015,17931.59877,4.958758489,5.048,0.05,8.02
Czechia,2016,18753.96867,2.580870139,3.952,0.05,8.303
Czechia,2017,20913.19763,5.1735653,2.893,0.175,8.6
Czechia,2018,23705.93298,2.830305883,2.246,1.1041666666666667,8.589
Czechia,2019,24062.719,3.565776581,2.015,1.9166666666666667,8.622
Czechia,2020,23472.89155,-5.304879555,2.55,0.6875,9.301
Czechia,2021,27696.46195,4.029018321,2.803,0.9791666666666666,9.112
Czechia,2022,28282.22367,2.847170658,2.224,6.041666666666667,8.51
Czechia,2023,31761.59441,0.047580331,2.579,6.979166666666667,8.07
Czechia,2024,31823.30783,1.23308612,2.603,5.020833333333333,7.761
Czechia,2025,NA,NA,NA,3.6041666666666665,NA
Denmark,2010,58104.54456,1.582897031,7.746,2.9275,171.242
Denmark,2011,61809.7379,1.310803761,7.769,2.730583333,180.74
Denmark,2012,58443.77471,-0.005432302,7.798,1.403333333,190.201
Denmark,2013,61377.59406,1.392673432,7.384,1.745833333,184.894
Denmark,2014,62520.45097,1.277999832,6.925,1.326666667,202.739
Denmark,2015,53094.01336,2.104414564,6.278,0.69,201.372
Denmark,2016,54500.92604,3.073045492,5.989,0.320833333,205.355
Denmark,2017,57521.5515,3.056477239,5.833,0.515,204.601
Denmark,2018,61324.7665,1.86000749,5.131,0.456666667,197.312
Denmark,2019,59404.26632,1.711400939,5.018,-0.181666667,220.762
Denmark,2020,60985.48856,-1.780106018,5.644,-0.358333333,229.669
Denmark,2021,69340.73349,6.500254458,5.065,-0.06,228.692
Denmark,2022,67781.09409,0.443832615,4.434,1.478333333,195.914
Denmark,2023,68043.5467,0.604587766,5.094,2.636666667,199.283
Denmark,2024,71026.48323,3.477835931,6.151,2.265833333,206.417
Denmark,2025,NA,NA,NA,2.25075,NA
Estonia,2010,14663.7041,2.449750206,16.707,1,8.994
Estonia,2011,17555.54552,7.606974589,12.328,1.25,8.336
Estonia,2012,17568.2138,3.672018725,10.021,0.875,9.749
Estonia,2013,19310.38749,1.756493796,8.631,0.5416666666666666,10.759
Estonia,2014,20581.7899,3.322789882,7.352,0.15833333333333333,12.484
Estonia,2015,17722.15577,1.838152629,6.412,0.05,14.103
Estonia,2016,18666.37365,3.093019208,6.882,0.008333333333333333,15.631
Estonia,2017,20851.52235,5.63467249,5.807,0,16.592
Estonia,2018,23618.13613,3.699697562,5.412,0,16.443
Estonia,2019,24021.25014,3.726649435,4.514,0,18.311
Estonia,2020,23933.99394,-2.883807515,6.956,0,20.974
Estonia,2021,27951.16593,8.254880446,6.178,0,16.379
Estonia,2022,28340.38265,-1.226169666,5.571,0.6666666666666666,12.945
Estonia,2023,30264.00649,-2.744219146,6.378,3.875,15.253
Estonia,2024,31428.35478,-0.090042865,7.501,4.020833333333333,18
Estonia,2025,NA,NA,NA,2.2291666666666665,NA
Finland,2010,46506.2919,3.168287912,8.394,3.012909698,87.214
Finland,2011,51060.32426,2.390394554,7.781,3.005875162,50.332
Finland,2012,47551.67408,-1.52284013,7.689,1.884191119,53.537
Finland,2013,49691.01452,-0.979741025,8.193,1.860877187,56.767
Finland,2014,50073.77608,-0.478068425,8.663,1.449274417,59.559
Finland,2015,42560.34568,0.466503766,9.376,0.723133015,58.079
Finland,2016,43451.25624,2.571934149,8.818,0.363164312,59.312
Finland,2017,46085.01747,3.303370036,8.64,0.548126949,60.254
Finland,2018,49654.2497,1.192977597,7.361,0,57.224
Finland,2019,48358.18078,1.349738457,6.695,0,60.031
Finland,2020,48828.68469,-2.491036055,7.759,0,64.378
Finland,2021,53099.13514,2.676346415,7.617,0,69.982
Finland,2022,50440.56022,0.763041913,6.719,0.6666666666666666,59.579
Finland,2023,52834.29168,-0.93909346,7.149,3.875,61.145
Finland,2024,53149.76719,0.416171965,8.336,4.020833333333333,65.218
Finland,2025,NA,NA,NA,2.2291666666666665,NA
France,2010,40694.82117,2.00032476,9.279,3.1171,7.569
France,2011,43929.78409,2.437576537,9.228,3.321216667,7.598
France,2012,40863.58144,0.183835265,9.841,2.536183333,8.188
France,2013,42669.17951,0.781756446,9.913,2.204608333,8.698
France,2014,43148.04593,0.997832947,10.273,1.6674,9.08
France,2015,36702.43237,1.066754748,10.354,0.844408333,9.388
France,2016,37024.21571,0.860031075,10.057,0.467066667,9.829
France,2017,38687.16264,2.08361486,9.409,0.924683333,9.993
France,2018,41418.17665,1.645908724,9.018,0,9.739
France,2019,40408.28486,2.027446464,8.415,0,9.976
France,2020,39169.8606,-7.440645899,8.009,0,11.183
France,2021,43725.09995,6.882337834,7.871,0,11.064
France,2022,40988.63964,2.716762642,7.303,0.6666666666666666,12.3
France,2023,44700.13842,1.439214944,7.335,3.875,12.548
France,2024,46103.08409,1.190467983,7.436,4.020833333333333,12.86
France,2025,NA,NA,NA,2.2291666666666665,NA
Germany,2010,42396.9666,4.134637785,7.043,2.743333333,5.359
Germany,2011,47630.97619,3.757968845,5.967,2.606666667,5.428
Germany,2012,44718.01592,0.463512037,5.372,1.495,5.987
Germany,2013,47206.83535,0.396995584,5.316,1.57,5.993
Germany,2014,48959.59912,2.180186022,4.979,1.163333333,6.519
Germany,2015,41929.75491,1.6630060230000001,4.612,0.495833333,6.551
Germany,2016,42948.93819,2.222222163,4.104,0.09,6.749
Germany,2017,45553.93415,2.797906721,3.781,0.283333333,6.778
Germany,2018,48916.16866,1.135696046,3.384,0,6.83
Germany,2019,47656.19974,0.977734697,3.163,0,7.311
Germany,2020,47394.87345,-4.131914432,3.881,0,7.993
Germany,2021,52349.246,3.909999942,3.594,0,7.795
Germany,2022,50506.51796,1.809258124,3.137,0.6666666666666666,6.3
Germany,2023,54776.76682,-0.869647579,3.071,3.875,6.322
Germany,2024,56103.73232,-0.495851897,3.372,4.020833333333333,6.361
Germany,2025,NA,NA,NA,2.2291666666666665,NA
Greece,2010,26653.0488,-5.693741216,12.719,9.091666667,0.024
Greece,2011,25504.78665,-9.876778753,17.973,15.74916667,0.036
Greece,2012,21624.34605,-8.331134211,24.731,22.49833333,0.046
Greece,2013,21573.34498,-2.272116999,27.686,10.05416667,0.55
Greece,2014,21474.72571,0.792225061,26.708,6.929166667,0.619
Greece,2015,17980.72982,-0.228301892,24.981,9.813333333,0.647
Greece,2016,17919.24264,-0.031794768,23.514,8.36,0.682
Greece,2017,18631.99301,1.473124727,21.413,5.978333333,0.754
Greece,2018,19873.40152,2.064672079,19.179,4.185,0.766
Greece,2019,19335.3602,2.277180653,17.045,2.585833333,0.841
Greece,2020,17886.73317,-9.196231497,15.899,1.271666667,0.981
Greece,2021,20654.7002,8.65449786,14.656,0.884166667,0.996
Greece,2022,20886.52431,5.521985806,12.426,3.486666667,0.877
Greece,2023,23343.7104,2.13591132,11.023,4.001666667,0.991
Greece,2024,24626.14819,2.086574338,10.02,3.35,1.13
Greece,2025,NA,NA,NA,3.375,NA
Hungary,2010,13189.84339,1.067950682,11.172,7.282125,NA
Hungary,2011,14211.46056,1.916709166,11.029,7.635158333,NA
Hungary,2012,12950.15945,-1.339484465,11.003,7.890833333,NA
Hungary,2013,13739.46202,2.032169907,10.177,5.923333333,NA
Hungary,2014,14352.50188,4.334353641,7.725,4.809166667,NA
Hungary,2015,12782.94126,3.659816154,6.813,3.4325,NA
Hungary,2016,13215.86053,2.438641413,5.115,3.143333333,5.694
Hungary,2017,14736.16682,4.124183895,4.156,2.9625,5.77
Hungary,2018,16605.05705,5.606138138,3.667,3.058333333,5.14
Hungary,2019,17012.85986,5.077184951,3.411,2.465,5.223
Hungary,2020,16386.93088,-4.3387254,4.248,2.225,5.436
Hungary,2021,19030.62813,7.222915808,4.021,3.060833333,5.184
Hungary,2022,18428.02883,4.152380578,3.583,7.570833333,4.241
Hungary,2023,22230.62779,-0.817107371,4.096,7.5125,4.443
Hungary,2024,23292.32639,0.560117843,4.466,6.500833333,4.768
Hungary,2025,NA,NA,NA,6.934166667,NA
Iceland,2010,43776.46774,-2.221818476,7.564,3.493322161,123.027
Iceland,2011,48254.95393,1.379996691,7.028,2.94615757,127.72
Iceland,2012,46594.98691,1.169311749,6,2.278981267,137.272
Iceland,2013,50173.33601,3.59695701,5.376,2.551666667,142.911
Iceland,2014,55140.36494,1.913816091,4.897,3.1975,145.952
Iceland,2015,53505.69641,3.768590238,3.979,2.660833333,147.906
Iceland,2016,62854.09064,6.218087642,2.978,2.781666667,143.328
Iceland,2017,72976.373,3.485067039,2.742,2.216666667,156.998
Iceland,2018,75633.86514,4.660770326,2.704,1.8425,156.207
Iceland,2019,69296.31444,1.138212305,3.507,1.085833333,172.521
Iceland,2020,60127.93936,-6.645878163,5.478,0.340355116,202.975
Iceland,2021,70425.40643,5.180571974,6.029,0.778047348,212.141
Iceland,2022,76350.45504,8.820693956,3.789,0.835490245,178.246
Iceland,2023,82138.7893,5.186157601,3.518,2.367050663,177.965
Iceland,2024,86040.53099,-0.970676469,3.558,2.546075611,191.305
Iceland,2025,NA,NA,NA,2.558361313,NA
Ireland,2010,48623.96664,1.682971755,14.534,5.739166667,45.141
Ireland,2011,52613.85404,1.608866489,15.354,9.601666667,41.763
Ireland,2012,49335.84081,-0.405029417,15.451,6.171666667,45.578
Ireland,2013,52537.61086,2.192937575,13.735,3.79,50.025
Ireland,2014,57214.53798,9.385793351,11.858,2.3675,56.062
Ireland,2015,64250.13852,24.62398564,9.908,1.1825,41.233
Ireland,2016,64129.55715,1.222716611,8.374,0.735833333,38.042
Ireland,2017,72161.40475,10.10885761,6.713,0.951666667,35.009
Ireland,2018,80804.11232,7.688659374,5.741,0,32.61
Ireland,2019,81827.66889,4.972880038,4.95,0,34.152
Ireland,2020,86514.07061,7.153695057,5.623,0,33.864
Ireland,2021,103783.4463,16.25818812,6.357,0,32.198
Ireland,2022,105190.686,7.511138884,4.465,0.6666666666666666,24.583
Ireland,2023,106818.9171,-2.536374093,4.243,3.875,25.398
Ireland,2024,112894.9532,2.599467216,4.271,4.020833333333333,26.196
Ireland,2025,NA,NA,NA,2.2291666666666665,NA
Israel,2010,31439.0887,5.534340339,6.637,1.6458333333333333,44.522
Israel,2011,34522.5216,5.518796214,5.603,2.9791666666666665,44.946
Israel,2012,33321.43009,2.447168367,6.762,2.2916666666666665,47.781
Israel,2013,37034.31611,4.085709186,6.137,1.3333333333333333,49.473
Israel,2014,38343.30466,3.775828432,5.789,0.5416666666666666,53.241
Israel,2015,36213.10415,2.237603175,5.176,0.1125,54.659
Israel,2016,37671.53891,4.459782719,4.723,0.1,55.134
Israel,2017,41138.47096,4.346931167,4.14,0.1,57.779
Israel,2018,42362.66528,4.003898622,3.917,0.125,56.374
Israel,2019,44250.63136,3.710496328,3.731,0.25,62.898
Israel,2020,44575.5719,-2.021615482,4.169,0.1375,68.32
Israel,2021,52270.90402,9.388374034,4.812,0.1,70.868
Israel,2022,54949.62156,6.263263438,3.695,1.3875,61.295
Israel,2023,52003.72007,1.826520495,3.371,4.5625,73.296
Israel,2024,54176.68444,0.871968424,2.901,4.5,69.386
Israel,2025,NA,NA,NA,4.458333333333333,NA
Italy,2010,35856.86255,1.529105732,8.363,4.035833333,5.25
Italy,2011,38432.374280000004,0.695463154,8.359,5.424166667,5.591
Italy,2012,34854.39494,-3.125238773,10.655,5.4925,6.546
Italy,2013,35701.6746,-1.818025107,12.149,4.316666667,7.306
Italy,2014,36028.3494,-0.001387617,12.683,2.8925,8.201
Italy,2015,30639.88298,0.885667635,11.896,1.714166667,8.559
Italy,2016,31391.56929,1.236221085,11.688,1.4875,9.195
Italy,2017,32844.11566,1.603699953,11.211,2.111666667,9.6
Italy,2018,34904.10819,0.826646712,10.538,2.61,9.718
Italy,2019,33812.78872,0.429162534,9.884,1.950333333,10.78
Italy,2020,32091.48666,-8.868221222,9.192,1.167916667,12.513
Italy,2021,36852.54254,8.931062108,9.497,0.811233333,12.193
Italy,2022,35653.90421,4.821176699,8.069,3.156667233,10.809
Italy,2023,39277.08388,0.97569484,7.627,4.282501667,10.981
Italy,2024,40385.3414,0.692676948,6.499,3.706815833,11.737
Italy,2025,NA,NA,NA,3.58888,NA
Japan,2010,44968.15623,4.097917919,5.102,1.150833333,NA
Japan,2011,48760.07895,0.023809524,4.55,1.118333333,16.695
Japan,2012,49145.28043,1.374750999,4.358,0.839166667,16.69
Japan,2013,40898.6479,2.005100177,4.038,0.700416667,17.966
Japan,2014,38475.39525,0.296205514,3.589,0.52625,20.209
Japan,2015,34960.63938,1.560626697,3.385,0.346666667,NA
Japan,2016,39375.47316,0.753826746,3.132,-0.06625,34.289
Japan,2017,38834.05293,1.675331752,2.822,0.045,33.142
Japan,2018,39751.1331,0.643391024,2.467,-0.1,33.718
Japan,2019,40415.95676,-0.402169201,2.351,-0.1,33.906
Japan,2020,40028.73417,-4.168764571,2.809,-0.1,34.936
Japan,2021,40094.55998,2.696574042,2.808,-0.1,36.697
Japan,2022,34065.6439,0.941998775,2.614,-0.1,37.213
Japan,2023,33836.17563,1.475034811,2.574,-0.1,34.829
Japan,2024,32487.0778,0.104309022,2.535,0.10833333333333334,34.473
Japan,2025,NA,NA,NA,0.5208333333333334,NA
Latvia,2010,11188.41917,-3.661258596,19.482,1,7.539
Latvia,2011,12902.57405,3.036344827,16.206,1.25,7.381
Latvia,2012,13329.34999,7.305240572,15.047,0.875,7.87
Latvia,2013,14484.47153,2.096090282,11.867,0.5416666666666666,8.752
Latvia,2014,15185.81458,2.094959771,10.846,0.15833333333333333,10.167
Latvia,2015,13321.97531,3.783367121,9.873,0.05,11.282
Latvia,2016,13838.52668,2.55168602,9.643,0.008333333333333333,12.933
Latvia,2017,15132.49583,3.398948726,8.715,0,14.256
Latvia,2018,17252.17104,4.309712863,7.412,0,14.455
Latvia,2019,17294.97516,0.675372772,6.312,0,17.164
Latvia,2020,17564.23215,-3.469227508,8.098,0,19.53
Latvia,2021,20261.88878,6.942541731,7.513,0,20.888
Latvia,2022,20221.10369,1.90853419,6.815,0.6666666666666666,17.646
Latvia,2023,22710.26375,-0.941606069,6.465,3.875,20.022
Latvia,2024,23409.08452,-0.046108011,6.884,4.020833333333333,24.322
Latvia,2025,NA,NA,NA,2.2291666666666665,NA
Lithuania,2010,11829.12261,0.427199567,17.814,1,4.1
Lithuania,2011,14261.84338,6.323636648,15.39,1.25,3.891
Lithuania,2012,14288.18535,4.382905844,13.365,0.875,4.302
Lithuania,2013,15636.52526,4.046913186,11.77,0.5416666666666666,4.618
Lithuania,2014,16446.16472,3.772543796,10.698,0.15833333333333333,5.27
Lithuania,2015,14269.80399,2.832806433,9.12,0.05,5.829
Lithuania,2016,14934.27028,2.671922151,7.862,0.008333333333333333,6.631
Lithuania,2017,16800.15102,4.612243103,7.073,0,7.125
Lithuania,2018,19247.23154,4.918367801,6.147,0,7.107
Lithuania,2019,19608.79439,4.677351835,6.255,0,8.166
Lithuania,2020,20428.64782,0.042815834,8.487,0,9.278
Lithuania,2021,23870.45949,6.380016062,7.112,0,10.818
Lithuania,2022,25085.78406,2.53752574,5.955,0.6666666666666666,8.661
Lithuania,2023,27786.00578,0.342262716,6.841,3.875,10.055
Lithuania,2024,29384.01896,2.772631245,7.095,4.020833333333333,12.156
Lithuania,2025,NA,NA,NA,2.2291666666666665,NA
Luxembourg,2010,110885.9914,3.760414543,4.423,3.1675,1.884
Luxembourg,2011,119025.0572,1.044298553,5.122,2.923333333,1.876
Luxembourg,2012,112584.6763,1.649902128,5.03,1.753333333,1.938
Luxembourg,2013,120000.1407,3.1717899,6.045,1.851666667,1.954
Luxembourg,2014,123678.7021,2.623086792,6.044,1.336666667,2.865
Luxembourg,2015,105462.0126,2.269784233,6.796,0.369166667,2.667
Luxembourg,2016,106899.2935,4.978190115,6.669,0.255833333,2.8
Luxembourg,2017,110193.2138,1.317187138,5.523,0.528333333,2.783
Luxembourg,2018,116926.7596,1.611295613,5.589,0,2.688
Luxembourg,2019,112696.6491,2.749319291,5.592,0,2.881
Luxembourg,2020,116860.0282,-0.510051634,6.766,0,2.837
Luxembourg,2021,134965.8154,6.929734258,5.571,0,2.643
Luxembourg,2022,123719.6589,-1.097416897,4.588,0.6666666666666666,2.062
Luxembourg,2023,133230.6192,0.099439994,5.184,3.875,1.666
Luxembourg,2024,137781.6817,0.358612539,6.421,4.020833333333333,1.588
Luxembourg,2025,NA,NA,NA,2.2291666666666665,NA
Malta,2010,21946.60696,6.197350411,6.861,4.1875,NA
Malta,2011,23516.96912,0.992201912,6.388,4.489166667,0.494
Malta,2012,22878.31309,4.101673922,6.203,4.125833333,7.69
Malta,2013,25415.55669,6.292333759,6.115,3.3625,15.092
Malta,2014,27424.57656,7.631363608,5.737,2.611666667,23.922
Malta,2015,25529.68133,9.620703158,5.389,1.4875,30.777
Malta,2016,26459.07709,4.078003559,4.694,0.885833333,35.939
Malta,2017,30317.24432,12.9713425,4.008,1.373333333,37.218
Malta,2018,33382.26775,7.189214796,3.956,0,NA
Malta,2019,32421.91798,4.085055821,4.08,0,44.502
Malta,2020,31823.43639,-3.457282763,4.856,0,49.178
Malta,2021,38096.83607,13.41170429,3.754,0,47.205
Malta,2022,35638.88695,2.483099938,3.471,0.6666666666666666,37.521
Malta,2023,40905.80596,10.6215185,3.479,3.875,38.659
Malta,2024,43898.57818,6.799903002,3.115,4.020833333333333,38.187
Malta,2025,NA,NA,NA,2.2291666666666665,NA
Mexico,2010,9728.800784,4.971334583,5.303,7.09,12.922
Mexico,2011,10664.4944,3.444045058,5.175,6.667777778,13.071
Mexico,2012,10744.13352,3.55321076,4.892,5.598333333,14.292
Mexico,2013,11216.80085,0.852101559,4.921,5.6775,15.022
Mexico,2014,11391.37735,2.503763503,4.819,6.014166667,15.866
Mexico,2015,10021.23861,2.702323426,4.311,5.99125,15.744
Mexico,2016,9097.923977,1.772493238,3.853,6.19375,15.63
Mexico,2017,9649.278168,1.871728533,3.419,7.248333333,16.299
Mexico,2018,10084.79376,1.972082094,3.275,7.93,15.797
Mexico,2019,10369.55536,-0.392690505,3.477,7.668333333,18.086
Mexico,2020,8841.27075,-8.354034582,4.378,6.249583333,21.879
Mexico,2021,10314.05067,6.048483462,3.941,6.763333333,21.92
Mexico,2022,11405.79405,3.709757092,3.174,8.866666667,19.739
Mexico,2023,13860.95978,3.353541407,2.704,9.24375,20.803
Mexico,2024,14185.78122,1.427427691,2.616,9.700833333,22.123
Mexico,2025,NA,NA,NA,9.383333333,NA
Netherlands,2010,51305.73385,1.319320323,4.991,1,118.21
Netherlands,2011,54701.7728,1.773345163,4.977,1.25,124.368
Netherlands,2012,50473.9442,-0.977876878,5.821,0.875,141.519
Netherlands,2013,52602.28605,-0.03023256,7.241,0.5416666666666666,145.453
Netherlands,2014,53457.22349,1.612610013,7.419,0.15833333333333333,155.599
Netherlands,2015,45793.81354,2.120605239,6.872,0.05,166.375
Netherlands,2016,46808.52915,2.42428573,6.007,0.008333333333333333,179.233
Netherlands,2017,49513.68173,2.781546193,4.837,0,181.146
Netherlands,2018,53955.077,2.258740374,3.832,0,170.681
Netherlands,2019,53554.90075,2.300091579,3.379,0,190.283
Netherlands,2020,53467.92774,-3.867953338,3.82,0,209.608
Netherlands,2021,60141.98809,6.276830671,4.209,0,205.971
Netherlands,2022,59123.31856,5.007234552,3.526,0.6666666666666666,145.451
Netherlands,2023,63515.60308,-0.598096167,3.535,3.875,149.732
Netherlands,2024,67520.4219,1.081005848,3.639,4.020833333333333,150.897
Netherlands,2025,NA,NA,NA,2.2291666666666665,NA
New Zealand,2010,33761.90096,1.458636349,6.209,4.8554,13.943
New Zealand,2011,38431.77668,2.093496217,6.035,4.020358333,15.39
New Zealand,2012,40053.69915,2.366306647,6.487,3.11284754,16.297
New Zealand,2013,43000.46468,2.58954199,5.842,3.518591435,18.55
New Zealand,2014,44618.26697,3.826384918,5.43,4.018333333,21.293
New Zealand,2015,38665.3723,3.690369084,5.409,3.014166667,22.701
New Zealand,2016,40113.71954,3.779110684,5.147,2.2625,23.969
New Zealand,2017,42950.38417,3.378732195,4.737,2.4925,26.137
New Zealand,2018,43257.07692,3.470582039,4.331,2.19,26.414
New Zealand,2019,42855.83186,2.31747144,4.112,1.311666667,30.204
New Zealand,2020,41997.78303,-0.307246896,4.603,0.46,33.744
New Zealand,2021,49950.42517,4.535405657,3.797,1.2825,36.746
New Zealand,2022,49099.70904,3.496386865,3.316,3.535,31.457
New Zealand,2023,49075.95628,1.394251816,3.768,4.575,32.889
New Zealand,2024,49205.17921,1.288620047,4.763,4.256666667,37.207
New Zealand,2025,NA,NA,NA,3.801666667,NA
Norway,2010,88163.20859,0.787051861,3.527,2.770833333,NA
Norway,2011,101221.8135,1.105656034,3.196,2.556666667,NA
Norway,2012,102175.9193,2.717959249,3.129,1.574166667,NA
Norway,2013,103553.8401,1.01619084,3.425,1.919166667,NA
Norway,2014,97666.69518,2.048132004,3.486,1.76,NA
Norway,2015,74809.9658,1.857339716,4.296,0.9675,NA
Norway,2016,70867.361,1.164724239,4.68,0.841666667,NA
Norway,2017,76131.8384,2.463746266,4.164,1.065833333,NA
Norway,2018,82792.84271,0.828931501,3.801,1.439166667,NA
Norway,2019,76430.58895,1.12374695,3.684,1.285,NA
Norway,2020,68340.0181,-1.278171772,4.424,0.555833333,NA
Norway,2021,93072.89251,3.908686768,4.359,1.139166667,NA
Norway,2022,109269.5206,3.246228603,3.231,2.795,NA
Norway,2023,87497.21796,0.072120481,3.574,3.67,NA
Norway,2024,86785.43345,2.0972306,3.982,4.490833333,NA
Norway,2025,NA,NA,NA,4.006284594,NA
Poland,2010,12567.73177,3.168927483,9.578,3.5,15.594
Poland,2011,13867.66694,5.255462566,9.576,4.25,14.769
Poland,2012,13087.42094,1.511781676,10.031,4.604166666666667,17.052
Poland,2013,13621.90238,0.684240607,10.293,2.9166666666666665,18.926
Poland,2014,14262.28419,3.920508624,8.971,2.375,9.649
Poland,2015,12637.52203,4.431767003,7.475,1.5833333333333333,8.725
Poland,2016,12464.01105,3.031177676,6.141,1.5,9.192
Poland,2017,13913.34029,5.152457733,4.867,1.5,10.049
Poland,2018,15658.21203,6.245858472,3.835,1.5,8.401
Poland,2019,15874.52205,4.580458173,3.267,1.5,7.839
Poland,2020,16150.93048,-2.035568824,3.155,0.44166666666666665,7.783
Poland,2021,18635.51049,6.927182661,3.268,0.3666666666666667,8.744
Poland,2022,18891.21212,5.255456974,2.811,5.354166666666667,6.694
Poland,2023,22145.26606,0.249610834,2.743,6.4375,8.201
Poland,2024,25103.56566,3.028416307,2.807,5.75,8.416
Poland,2025,NA,NA,NA,5.083333333333333,NA
Portugal,2010,22551.9351,1.737624536,10.771,5.395833333,NA
Portugal,2011,23246.54254,-1.713527459,12.715,10.24083333,NA
Portugal,2012,20593.42742,-4.050902676,15.509,10.5475,NA
Portugal,2013,21676.48596,-0.984106574,16.237,6.294166667,NA
Portugal,2014,22120.68501,0.741391421,13.88,3.754166667,NA
Portugal,2015,19215.7813,1.589798037,12.405,2.423333333,NA
Portugal,2016,19980.280890000002,2.004141297,11.058,3.1725,NA
Portugal,2017,21442.38428,3.314720082,8.878,3.761666667,19.448
Portugal,2018,23541.14011,2.946283434,6.966,0,18.977
Portugal,2019,23343.3629,2.745684326,6.422,0,20.467
Portugal,2020,22299.40441,-8.204631593,6.85,0,22.136
Portugal,2021,24711.45101,5.558756721,6.712,0,21.427
Portugal,2022,24620.51976,6.985841376,6.138,0.6666666666666666,16.226
Portugal,2023,27634.61831,3.09997909,6.498,3.875,13.606
Portugal,2024,29292.2421,2.139671772,6.427,4.020833333333333,12.885
Portugal,2025,NA,NA,NA,2.2291666666666665,NA
Romania,2010,8399.537423,-3.905811573,6.959,7.336666667,0.863
Romania,2011,9560.675528,4.495589099,7.177,6.650833333,1.168
Romania,2012,8929.953662,1.903616968,6.794,5.685833333,1.649
Romania,2013,9497.674116,0.278771877,7.096,4.248333333,2.326
Romania,2014,10031.77108,4.116001093,6.802,2.210416667,3.016
Romania,2015,8977.017482,3.157036054,6.812,1.274166667,3.64
Romania,2016,9404.540059,2.859932523,5.901,0.645833333,4.386
Romania,2017,10727.9822,8.195478266,4.927,0.583523917,4.879
Romania,2018,12416.13432,5.394522282,4.187,2.245833333,5.169
Romania,2019,12909.6104,3.960289585,3.912,1.565,6.048
Romania,2020,13009.17706,-3.59802546,5.035,2.5825,7.299
Romania,2021,14907.98037,5.587350725,5.59,1.462274667,7.76
Romania,2022,15503.5518,4.187713051,5.614,4.547761167,7.203
Romania,2023,18244.41869,2.257734166,5.589,6.32462,8.194
Romania,2024,20080.20962,0.916003764,5.43,6.003923333,8.858
Romania,2025,NA,NA,NA,5.678199083,NA
Slovakia,2010,16899.44868,6.790581591,14.387,1,7.104
Slovakia,2011,18469.43543,2.562424732,13.634,1.25,8.095
Slovakia,2012,17516.969109999998,1.569171047,13.966,0.875,9.246
Slovakia,2013,18312.78051,0.703323545,14.226,0.5416666666666666,9.643
Slovakia,2014,18770.92899,2.707951514,11.536,0.15833333333333333,10.376
Slovakia,2015,16442.07609,5.176879097,11.492,0.05,9.999
Slovakia,2016,16636.07691,1.947818415,9.679,0.008333333333333333,11.068
Slovakia,2017,17645.52987,2.874733275,8.142,0,11.742
Slovakia,2018,19573.3717,4.062119819,6.544,0,11.646
Slovakia,2019,19406.05897,2.2758991,5.761,0,12.544
Slovakia,2020,19735.48583,-2.585512417,6.719,0,13.99
Slovakia,2021,22123.33421,5.655858807,6.894,0,15.131
Slovakia,2022,21317.7944,0.544591632,6.143,0.6666666666666666,13.697
Slovakia,2023,24614.87346,2.112636332,5.843,3.875,14.284
Slovakia,2024,25992.67485,1.938674455,5.335,4.020833333333333,16.174
Slovakia,2025,NA,NA,NA,2.2291666666666665,NA
Slovenia,2010,23329.84177,1.112137193,7.236,1,5.872
Slovenia,2011,24940.62848,0.655438128,8.166,1.25,6.055
Slovenia,2012,22442.14179,-2.91553782,8.841,0.875,6.318
Slovenia,2013,23236.96553,-0.823776418,10.103,0.5416666666666666,6.456
Slovenia,2014,24013.06821,2.762833276,9.668,0.15833333333333333,6.872
Slovenia,2015,20697.27485,2.393306213,8.962,0.05,6.984
Slovenia,2016,21447.83778,3.034414867,8,0.008333333333333333,7.025
Slovenia,2017,23303.07771,5.174402156,6.564,0,7.025
Slovenia,2018,25888.04811,4.379083473,5.108,0,6.906
Slovenia,2019,25814.16872,3.505253324,4.446,0,7.282
Slovenia,2020,25392.06511,-4.085000949,4.971,0,8.048
Slovenia,2021,29192.84019,8.416864577,4.744,0,7.848
Slovenia,2022,28360.30415,2.668505555,4.011,0.6666666666666666,6.973
Slovenia,2023,32660.47536,2.375832665,3.652,3.875,6.657
Slovenia,2024,34301.03187,1.731397225,3.697,4.020833333333333,7.089
Slovenia,2025,NA,NA,NA,2.2291666666666665,NA
South Korea,2010,24071.26205,6.981661389,3.324,2.1666666666666665,13.282
South Korea,2011,26175.23986,3.68803206,2.992,3.1041666666666665,15.286
South Korea,2012,26600.54774,2.547665506,2.812,3.0625,17.746
South Korea,2013,28449.35911,3.291395954,3.067,2.5833333333333335,19.668
South Korea,2014,30667.09125,3.214680197,3.082,2.3333333333333335,21.933
South Korea,2015,30171.79065,2.920292673,3.546,1.6458333333333333,23.124
South Korea,2016,30832.06281,3.17152749,3.65,1.3541666666666667,24.024
South Korea,2017,33296.98454,3.433191764,3.653,1.2916666666666667,24.663
South Korea,2018,35363.95082,3.176115682,3.824,1.5416666666666667,25.349
South Korea,2019,33826.94433,2.313802106,3.746,1.5625,NA
South Korea,2020,33645.77195,-0.700242318,3.931,0.6666666666666666,29.617
South Korea,2021,37518.46353,4.612967955,3.639,0.6458333333333334,29.615
South Korea,2022,34822.40484,2.727564567,2.857,2.125,29.454
South Korea,2023,35674.096,1.583014674,2.675,3.5,30.986
South Korea,2024,36238.63991,2.003611018,2.784,3.3958333333333335,31.841
South Korea,2025,NA,NA,NA,2.6041666666666665,NA
Spain,2010,30658.74223,0.094122312,19.86,4.250833333,12.477
Spain,2011,31824.62191,-0.639920637,21.39,5.44,12.485
Spain,2012,28456.44382,-2.865113686,24.789,5.845,13.201
Spain,2013,29228.84656,-1.427322248,26.094,4.561666667,14.113
Spain,2014,29707.76551,1.520485936,24.441,2.723333333,14.555
Spain,2015,25982.44162,4.060866725,22.057,1.735833333,14.198
Spain,2016,26755.60611,2.915155986,19.635,1.393333333,13.875
Spain,2017,28381.34256,2.896042079,17.224,1.555,13.495
Spain,2018,30602.42129,2.395411245,15.255,1.4225,12.485
Spain,2019,29786.52457,1.961178508,14.104,0.659166667,12.957
Spain,2020,27233.94265,-10.94007064,15.532,0.375,14.407
Spain,2021,30799.47759,6.683144205,14.914,0.348333333,13.9
Spain,2022,30319.49872,6.370317121,13.033,2.181666667,11.364
Spain,2023,33493.22254,2.460857968,12.179,3.476666667,10.881
Spain,2024,35326.76831,3.455254056,11.344,3.15,10.759
Spain,2025,NA,NA,NA,3.216666667,NA
Sweden,2010,52542.57591,5.750764776,8.61,2.893333333,52.903
Sweden,2011,60379.48146,3.163885674,7.804,2.605833333,59.899
Sweden,2012,57749.56154,-0.414397702,7.976,1.5925,65.901
Sweden,2013,60843.98888,1.137666718,8.052,2.120833333,67.449
Sweden,2014,59583.45845,2.295772388,7.954,1.72,74.889
Sweden,2015,51188.16521,4.388246736,7.432,0.719166667,74.643
Sweden,2016,51703.50883,2.131179147,6.99,0.54,80.304
Sweden,2017,53210.22333,1.88282185,6.718,0.615833333,90.683
Sweden,2018,54018.45544,1.770255355,6.365,-0.5,88.209
Sweden,2019,51648.98928,2.608230129,6.833,-0.25,99.887
Sweden,2020,52568.5727,-1.93379704,8.291,0,108.231
Sweden,2021,60647.54164,5.225864303,8.803,0,118.798
Sweden,2022,54836.89072,1.255436204,7.417,0.875,100.599
Sweden,2023,54950.28347,-0.204061305,7.611,3.5,107.686
Sweden,2024,57117.48774,0.820071807,8.306,3.5833333333333335,115.779
Sweden,2025,NA,NA,NA,2.0625,NA
Switzerland,2010,76531.37294,3.243397157,4.808,0.375,NA
Switzerland,2011,90476.75897,1.813108305,4.409,0.2708333333333333,NA
Switzerland,2012,85836.20768,1.179253853,4.491,0.125,NA
Switzerland,2013,87304.33058,1.792144007,4.747,0.125,123.622
Switzerland,2014,88724.99094,2.349881415,4.826,0.09375,130.871
Switzerland,2015,83806.4476,1.644627508,4.801,-0.75,132.564
Switzerland,2016,82153.07454,2.06868969,4.918,-0.75,136.348
Switzerland,2017,82254.37693,1.362799655,4.797,-0.75,145.697
Switzerland,2018,85217.36915,2.860445794,4.713,-0.75,138.204
Switzerland,2019,84121.93103,1.14198219,4.394,-0.75,155.341
Switzerland,2020,85897.78433,-2.14173712,4.817,-0.75,168.341
Switzerland,2021,93664.77367,5.559620206,5.013,-0.75,170.356
Switzerland,2022,94394.51068,3.04406103,4.122,-0.16666666666666666,152.432
Switzerland,2023,100623.5496,0.683328174,4.043,1.5625,158.282
Switzerland,2024,103998.1867,1.302333325,4.343,1.2708333333333333,166.933
Switzerland,2025,NA,NA,NA,0.14583333333333334,NA
Turkey,2010,10698.96994,8.542198485,11.881,6.791666666666667,2.213
Turkey,2011,11373.63558,10.97996253,9.784,6.041666666666667,3.812
Turkey,2012,11776.75934,4.807626966,9.21,5.729166666666667,3.403
Turkey,2013,12635.557,8.488256893,9.717,4.791666666666667,4.164
Turkey,2014,12209.38623,4.600794473,9.912,8.979166666666666,4.644
Turkey,2015,11064.64945,5.805573866,10.302,7.520833333333333,4.605
Turkey,2016,10984.36432,3.323665082,10.905,7.583333333333333,4.723
Turkey,2017,10756.38777,7.8258573,10.916,8,NA
Turkey,2018,9684.118199,3.468153061,10.958,15.770833333333334,NA
Turkey,2019,9395.23378,1.301623655,13.731,20,NA
Turkey,2020,8798.117917,1.803062471,13.155,10.5,NA
Turkey,2021,9981.763984,11.81109445,11.979,17.583333333333332,NA
Turkey,2022,10897.83979,5.441225113,10.432,12.625,2.857
Turkey,2023,13375.09473,5.045123698,9.354,20.666666666666668,2.8
Turkey,2024,15892.71573,3.327623089,8.711,48.958333333333336,2.815
Turkey,2025,NA,NA,NA,42.833333333333336,NA
United Kingdom,2010,39778.32205,2.260544609,7.973,0.5,71.231
United Kingdom,2011,42295.92738,0.851437739,8.195,0.5,73.378
United Kingdom,2012,42688.32637,1.528260347,8.279,0.5,79.363
United Kingdom,2013,43606.98379,1.718469613,7.752,0.5,80.617
United Kingdom,2014,47746.24218,3.160173515,6.398,0.5,79.147
United Kingdom,2015,45255.34492,2.1404056,5.552,0.5,80.244
United Kingdom,2016,41257.90855,2.206520206,4.909,0.3958333333333333,90.008
United Kingdom,2017,40916.81151,3.023222198,4.501,0.2916666666666667,94.288
United Kingdom,2018,43702.99763,1.551330951,4.145,0.6041666666666666,96.572
United Kingdom,2019,43158.74113,1.2562989979999999,3.657,0.75,107.215
United Kingdom,2020,40812.67947,-10.04789664,4.518,0.20833333333333334,124.257
United Kingdom,2021,47691.37688,8.543111845,4.864,0.1125,121.986
United Kingdom,2022,47057.04323,5.149703885,3.768,1.5416666666666667,82.839
United Kingdom,2023,49944.47021,0.271650048,4.025,4.729166666666667,78.464
United Kingdom,2024,53246.36761,1.126422671,4.361,5.104166666666667,78.448
United Kingdom,2025,NA,NA,NA,4.229166666666667,NA
United States,2010,48642.61002,2.695192577,9.633,3.214166667,119.426
United States,2011,50024.8688,1.564406858,8.949,2.785833333,116.26
United States,2012,51708.40116,2.289113387,8.069,1.8025,122.931
United States,2013,53179.01276,2.117830098,7.375,2.350833333,134.96
United States,2014,54973.42075,2.523819814,6.168,2.540833333,136.218
United States,2015,56572.9189,2.945550455,5.28,2.135833333,131.377
United States,2016,57638.10184,1.819451478,4.869,1.841666667,134.763
United States,2017,59635.09844,2.457622299,4.355,2.33,146.88
United States,2018,62499.87444,2.966505069,3.896,2.91,134.288
United States,2019,64746.45068,2.583825334,3.669,2.144166667,149.645
United States,2020,63515.94918,-2.16302914,8.055,0.894166667,169.412
United States,2021,70205.05092,6.055052932,5.349,1.403333333,170.575
United States,2022,76657.24888,2.51237532,3.65,1.8958333333333333,137.413
United States,2023,81032.26212,2.887556007,3.638,5.104166666666667,145.673
United States,2024,84534.04078,2.793001277,4.022,5.145833333333333,153.332
United States,2025,NA,NA,NA,4.208333333333333,NA
